-- ANSWER 테이블에 데이터 삽입
INSERT INTO ANSWER (ANSWER, ANSWER_ID) VALUES ('① 전혀 아니다', 'A-01');
INSERT INTO ANSWER (ANSWER, ANSWER_ID) VALUES ('② 아니다', 'A-02');
INSERT INTO ANSWER (ANSWER, ANSWER_ID) VALUES ('③ 그렇다', 'A-03');
INSERT INTO ANSWER (ANSWER, ANSWER_ID) VALUES ('④ 매우 그렇다', 'A-04');


-- PW 테이블에 데이터 삽입
INSERT INTO PW (PW, PW_ID) VALUES ('1234', 'S-01');
INSERT INTO PW (PW, PW_ID) VALUES ('4567', 'S-02');
INSERT INTO PW (PW, PW_ID) VALUES ('6789', 'S-03');
INSERT INTO PW (PW, PW_ID) VALUES ('9123', 'S-04');


-- QUESTION 테이블에 데이터 삽입
INSERT INTO QUESTION (QUESTION, QUESTION_ID) VALUES ('1. 교수는 수업 전 강의 목표를 명확히 제시하였습니까?', 'Q-01');
INSERT INTO QUESTION (QUESTION, QUESTION_ID) VALUES ('2. 강의의 내용은 체계적이고 성의있게 구성되었는가?', 'Q-02');
INSERT INTO QUESTION (QUESTION, QUESTION_ID) VALUES ('3. 교수는 강의 내용에 대해 전문적인 지식을 가지고 있었는가?', 'Q-03');
INSERT INTO QUESTION (QUESTION, QUESTION_ID) VALUES ('4. 강의 진행 속도는 적절하였는가?', 'Q-04');


-- USER 테이블에 데이터 삽입
INSERT INTO USER (USER, USER_ID, USER_LOGINID) VALUES ('홍길동', 'P-01', 'surveyUser123');
INSERT INTO USER (USER, USER_ID, USER_LOGINID) VALUES ('장길산', 'P-02', 'questionnairePro');
INSERT INTO USER (USER, USER_ID, USER_LOGINID) VALUES ('신사임당', 'P-03', 'responseMaster');
INSERT INTO USER (USER, USER_ID, USER_LOGINID) VALUES ('이순신', 'P-04', 'feedbackGuru');


-- SURVEY 테이블에 데이터 삽입
INSERT INTO SURVEY (QUESTION_ID, ANSWER_ID, SURVEY_ID, USER_ID, PW_ID) VALUES ('Q-01', 'A-01', 'Z-01', 'P-01', 'S-01');
INSERT INTO SURVEY (QUESTION_ID, ANSWER_ID, SURVEY_ID, USER_ID, PW_ID) VALUES ('Q-02', 'A-02', 'Z-02', 'P-02', 'S-02');
INSERT INTO SURVEY (QUESTION_ID, ANSWER_ID, SURVEY_ID, USER_ID, PW_ID) VALUES ('Q-03', 'A-03', 'Z-03', 'P-03', 'S-03');
INSERT INTO SURVEY (QUESTION_ID, ANSWER_ID, SURVEY_ID, USER_ID, PW_ID) VALUES ('Q-04', 'A-04', 'Z-04', 'P-04', 'S-04');


-- QNA 테이블에 데이터 삽입
INSERT INTO QNA (QUESTION_ID, ANSWER_ID, QNA_CODE) VALUES ('Q-01', 'A-01', 'N-01');
INSERT INTO QNA (QUESTION_ID, ANSWER_ID, QNA_CODE) VALUES ('Q-01', 'A-02', 'N-02');
INSERT INTO QNA (QUESTION_ID, ANSWER_ID, QNA_CODE) VALUES ('Q-01', 'A-03', 'N-03');
INSERT INTO QNA (QUESTION_ID, ANSWER_ID, QNA_CODE) VALUES ('Q-01', 'A-04', 'N-04');
INSERT INTO QNA (QUESTION_ID, ANSWER_ID, QNA_CODE) VALUES ('Q-02', 'A-01', 'N-05');
INSERT INTO QNA (QUESTION_ID, ANSWER_ID, QNA_CODE) VALUES ('Q-02', 'A-02', 'N-06');
INSERT INTO QNA (QUESTION_ID, ANSWER_ID, QNA_CODE) VALUES ('Q-02', 'A-03', 'N-07');
INSERT INTO QNA (QUESTION_ID, ANSWER_ID, QNA_CODE) VALUES ('Q-02', 'A-04', 'N-08');
INSERT INTO QNA (QUESTION_ID, ANSWER_ID, QNA_CODE) VALUES ('Q-03', 'A-01', 'N-09');
INSERT INTO QNA (QUESTION_ID, ANSWER_ID, QNA_CODE) VALUES ('Q-03', 'A-02', 'N-10');
INSERT INTO QNA (QUESTION_ID, ANSWER_ID, QNA_CODE) VALUES ('Q-03', 'A-03', 'N-11');
INSERT INTO QNA (QUESTION_ID, ANSWER_ID, QNA_CODE) VALUES ('Q-03', 'A-04', 'N-12');
INSERT INTO QNA (QUESTION_ID, ANSWER_ID, QNA_CODE) VALUES ('Q-04', 'A-01', 'N-13');
INSERT INTO QNA (QUESTION_ID, ANSWER_ID, QNA_CODE) VALUES ('Q-04', 'A-02', 'N-14');
INSERT INTO QNA (QUESTION_ID, ANSWER_ID, QNA_CODE) VALUES ('Q-04', 'A-03', 'N-15');
INSERT INTO QNA (QUESTION_ID, ANSWER_ID, QNA_CODE) VALUES ('Q-04', 'A-04', 'N-16');


-- USER_INFORMATION 테이블에 데이터 삽입
INSERT INTO USER_INFORMATION (PW_ID, USER_ID, USER_INFORMATION_CODE) VALUES ('S-01', 'P-01', 'I-01');
INSERT INTO USER_INFORMATION (PW_ID, USER_ID, USER_INFORMATION_CODE) VALUES ('S-02', 'P-02', 'I-02');
INSERT INTO USER_INFORMATION (PW_ID, USER_ID, USER_INFORMATION_CODE) VALUES ('S-03', 'P-03', 'I-03');
INSERT INTO USER_INFORMATION (PW_ID, USER_ID, USER_INFORMATION_CODE) VALUES ('S-04', 'P-04', 'I-04');
